[
  {
    "category": "회원",
    "items": [
      {
        "question": "회원가입은 무료인가요?",
        "answer": "네, 회원가입은 무료로 진행하실 수 있습니다."
      },
      {
        "question": "비밀번호를 분실했을 때 어떻게 하나요?",
        "answer": "로그인 페이지에서 '비밀번호 찾기'를 클릭하시면 이메일로 재설정 안내를 받으실 수 있습니다."
      }
    ]
  },
  {
    "category": "주문/결제",
    "items": [
      {
        "question": "주문 내역은 어디서 확인하나요?",
        "answer": "마이페이지 > 주문/배송 내역에서 확인 가능합니다."
      },
      {
        "question": "무통장 입금 시 입금 확인은 얼마나 걸리나요?",
        "answer": "입금 확인까지 보통 1~2시간 정도 소요됩니다."
      }
    ]
  },
  {
    "category": "배송",
    "items": [
      {
        "question": "배송은 얼마나 걸리나요?",
        "answer": "보통 결제 완료 후 2~3일 이내 배송됩니다. 지역에 따라 차이가 있을 수 있습니다."
      },
      {
        "question": "배송비는 얼마인가요?",
        "answer": "기본 배송비는 3,000원이며, 50,000원 이상 주문 시 무료 배송됩니다."
      }
    ]
  },
  {
    "category": "교환/환불",
    "items": [
      {
        "question": "교환/반품 신청은 어떻게 하나요?",
        "answer": "마이페이지 > 주문/배송 내역에서 교환/반품 신청 버튼을 클릭하시면 됩니다."
      },
      {
        "question": "환불은 얼마나 걸리나요?",
        "answer": "환불은 반품 확인 후 3~5영업일 이내 처리됩니다."
      }
    ]
  },
  {
    "category": "기타",
    "items": [
      {
        "question": "고객센터 운영 시간은 언제인가요?",
        "answer": "평일 09:00 ~ 18:00까지 운영합니다. (주말/공휴일 제외)"
      },
      {
        "question": "적립금은 어떻게 사용하나요?",
        "answer": "상품 결제 시 결제수단 선택 단계에서 적립금을 사용하실 수 있습니다."
      }
    ]
  }
]
