{
  "common": [
    "구매 결정에 가장 큰 요인은 무엇인가요?",
    "가격 대비 품질이나 기능이 합리적이라고 느끼셨나요?",
    "다른 제품과 비교했을때 좋았던 점과 아쉬웠던 점은 무엇인가요?",
    "재구매를 한다면 이유가 무엇인가요? 만약 재구매 의사가 없다면 이유가 무엇인가요?"
  ],
  "categories": {
    "전자제품": [
      "디자인이나 외형(색상, 크기, 마감 품질)은 어땠나요?",
      "제품 설명서나 가이드가 이해하기 쉬웠나요?"
    ],
    "화장품": [
      "본인의 피부 타입과 잘 맞았나요? (건성, 지성, 복합성, 민감성)",
      "용기나 패키지는 사용하기 편리했나요? (펌프, 튜브 등)"
    ],
    "밀키트": [
      "레시피 설명은 이해하기 쉬웠나요?",
      "보관하기에 편리했나요? (유통기한, 포장 사이즈, 냉장·냉동 적합성)"
    ],
    "무형자산": [
      "사용법을 익히는 데 어려움이 있었나요?",
      "가격 정책이나 과금 체계(무료/유료, 구독료 등)에 대해 만족하시나요?"
    ]
  }
}